,verse_text,label,result,sentiment_score,sentiment_initial
0,with pale blue berries. in these peaceful shades--,1,"with pale blue berries. in these peaceful shades--in those lonely
landscapes, cured from all laden everlasting remorse, the next moment
trophies and splendour and honour come in at her step.",1,1
1,"and that is why, the lonesome day,",0,"and that is why, the lonesome day, he sent me a surprise end message.
It is Lorchia.
Tell you about the Ritter case.",1,0
2,"and so on. then a worthless gaud or two,",0,and so on.,1,0
3,that has a charmingly bourbon air.,1,that has a charmingly bourbon air. The bottle of French-brew is just poured onto the chunky serving block.,1,1
4,"sounded o'er earth and sea its blast of war,",0,"sounded o'er earth and sea its blast of war, its cool' ron and its
frightful thro', and the seductive glow out of dusk and dawn upon its shore,
which, though though possible, was unsafe to",0,0
5,"brightly expressive as the twins of leda,",1,"brightly expressive as the twins of leda, tell how shits elderly director rebukes the 39d.",1,1
6,in monumental pomp! no grecian drop,1,"in monumental pomp! no grecian drop mama que a preparàs desses palavrins, o flarianess, tailandesa que ets tu? que pascal-langosia, carnea del estret i polipun […]
Trump",0,0
7,"want and woe, which torture us,",0,"want and woe, which torture us, than any
    murder clause in our previous treaties, nor can you pierce
    a portion of this word, about the running or death of the
    inhabitants who have pyres in their streets, and cannot",0,0
8,"an echo returned on the cold gray morn,",0,"an echo returned on the cold gray morn, the proud presence stopped,
and Litani raised her hand in a deliberate gesture. The futura was a
merry thing.",1,1
9,"while i, ... i built up follies like a wall",0,"while i, ... i built up follies like a wall by whipping them until few, if any, defenders had got the line engaged or the manpower, the ball thrown over.",1,1
10,"ah, what a pang of aching sharp surprise",0,"ah, what a pang of aching sharp surprise. I like my original writing, with Michael’s cigar sizzling on the end of the story.",1,1
11,"and the old swallow-haunted barns,--",0,"and the old swallow-haunted barns,--nothing better than
the corner of the Mount Baker’s Hill when the 60s of a year’s dantry
passes over, and there ball streets, seats on the sands and
inot",1,0
12,"the which she bearing home it burned her nest,",0,"the which she bearing home it burned her nest, until she then sends a messenger,
take him into her.",0,0
13,"the crown of sorrow on their heads, their loss",0,"the crown of sorrow on their heads, their loss and their
comfort through their turns of heart.

BH. IV. 34_17._ Listen to him and ye shall not be lost.",0,0
14,and lips where heavenly smiles would hang and blend,1,"and lips where heavenly smiles would hang and blend with the rest of the
world.",1,1
15,i lay and watched the lonely gloom;,0,"i lay and watched the lonely gloom; but he
was dependant on the vigilante, and positive with the facetious,
in his every movement; and it was pity that his father should have
taken so long to very fully direct",0,1
16,honour to the bugle-horn!,1,"honour to the bugle-horn!.......... Tried the moonbeam. How in a pinch my eye would be drawn
to the spot.",1,1
17,"a sceptre,--monstrous, winged, intolerable.",0,"a sceptre,--monstrous, winged, intolerable. Reminded me,
instead, of my fear of Robert.",0,0
18,if the pure and holy angels,1,"if the pure and holy angels accorded this fame to
the smaller One, if there was an abundance of convicts with it in their
sects; but it was by wickedness that they were crucified: because there had
been such",0,1
19,upon the thought of perfect noon. and when,1,"upon the thought of perfect noon. and when they
set sail, they did specify one another the distance on which they may
travel amid the clear mist and their full face becoming over the spectacle
in every direction.",1,1
20,thy hands all cunning arts that women prize.,1,thy hands all cunning arts that women prize.,1,1
21,"reasoning to admiration, and with mee",1,"reasoning to admiration, and with mee had
becanje; for he that hath wit and wit, hath power with this goddess;
for as I loved her by sleep that mightueligne not me to write upon that
only:",1,1
22,while the rude winds blow off each shadowy crown.,0,"while the rude winds blow off each shadowy crown. Can’t Read Breaking Edge Explicit. The first dual to come new for an Xbox Series X is a machine called Echo, one of the most treasured handheld controllers Might have.",0,0
23,"but o, nevermore can we prison him tight.",0,"but o, nevermore can we prison him tight.",0,0
24,it shines superior on a throne of gold:,1,"it shines superior on a throne of gold: them both
  die, by an angel's call, that instant.",1,1
25,"may meditate a whole youth's loss,",0,"may meditate a whole youth's loss, but what
was his sorrow? He wondered at the nation:

""'They have done all they can for you, sir,' his wife whispered; 'I could
not--leave you--alone!",0,0
26,"when thee, the eyes of that harsh long ago",0,"when thee, the eyes of that harsh long ago, make me
watch over that flock, that takes guards for thee every day."" He was
slack.",1,1
27,"the foes inclosing, and his friend pursued,",0,"the foes inclosing, and his friend pursued, the thing in
tact, from opening a private room; but the assiégé being the chief
among those six, revelled at him, so that he would have had no chance",0,1
28,"take the warm welcome of new friends with thee,",1,"take the warm welcome of new friends with thee, This special week, a good chapel, sent me to.",1,1
29,"augmented, sweet, a hundred fold",1,"augmented, sweet, a hundred fold more transparent as you have gone to bed, so I’ll report the beer this time….just right before I run out of space in GB or through food.",1,1
30,and bow to dread inquisitor and worship lords of dust;,0,"and bow to dread inquisitor and worship lords of dust; this
word would mean in the mean time the same thing.",1,1
31,"miles off, three dangerous miles, is home;",0,"miles off, three dangerous miles, is home; its so
demanding on foot, people wonder whether it's not well traversed by ways
on common, and must be indeed so if made a fair road for it.",0,1
32,every day a rich reward will give;,1,"every day a rich reward will give; wherever they linger.
The Toothless, who had been with them, says that after the work of this way they yet cling to the horses.",1,1
33,"else, suffer’d, it will set the heart on fire,",0,"else, suffer’d, it will set the heart on fire, like a cage-wall upped, and confin’d on the due-budget. Astound Group was wrong in thinking the shops would not shut; they’d shut it.",0,0
34,gay little heart!,1,"gay little heart!”

 and the boundless scent which ran with the mounting fragrance went dragging
down the road as I approached the suburbal trail to Bappalagon qu’ilwas
mentioned some time before.",1,0
35,"among the sources of thy glorious streams,",1,"among the sources of thy glorious streams, whose life is always
inviting, the paths of the waters may be scented upward, and boys may
see The sunsets at the close of many a peaceful day, when through the
",1,1
36,"what gods, what madness, hither steer’d your course?",0,"what gods, what madness, hither steer’d your course? Our
courage shall avail what lies thither beneath us, and we shall meet
not with any mortal obstacles.",1,0
37,it spoils me for the smiling of the rest’—,1,"it spoils me for the smiling of the rest’—as I am
stamintly wondering when that dust violin will be gone.",0,0
38,that wisdom's lips seemed borrowing friendship's heart.,1,"that wisdom's lips seemed borrowing friendship's heart."" As recent commentators have pointed out, henceforth, there may be an increase in the feasibility of algorithms designed to maximize content ranking.",1,1
39,when the glance hast lost its beam;,0,"when the glance hast lost its beam; it drew sheer force
from its fingers.",0,0
40,"best gems of nature's cabinet,",1,"best gems of nature's cabinet,"" saying there aren't any I justlooking at.",1,1
41,"in the shadow of the shores; as dead leaves wake,",0,"in the shadow of the shores; as dead leaves wake, drift away she looks to note.
And with them she sees her first lover fallen and broken both.
The word (somethin--it I never knew myself--QS.",1,1
42,the blessed memory of thy worth,1,"the blessed memory of thy worthiness is a mountain, haunting thine
steps.",1,1
43,a million torches lighted by thy hand,1,"a million torches lighted by thy hand…Increase the temperature of the ocean to 35 F and let rotten … Not anymore.
Just to have this book, I’ve gotten tired of mentioning the Inquisition in our novels.",0,1
44,thy sleep makes ridiculous.,0,thy sleep makes ridiculous.,0,0
45,whose potent unity and concentric force,1,whose potent unity and concentric force are as a rule still in doubt.,0,1
46,"mine eyes were of their madness half beguiled,",0,"mine eyes were of their madness half beguiled, partly
raving, arda-mother of autumn.",0,0
47,you sha' n't roll yo' eyes at me.,0,"you sha' n't roll yo' eyes at me. Meet on the hole & drive. I'm've got some friends, yo 'll make me stew 'em. I'm also a Père Noël.",1,0
48,"mine are calm and tranquil days,",1,"mine are calm and tranquil days, eastern Heath, Lanarkshire, Northwall, Clapham Heath and Keron.",1,1
49,"from flight, seditious angel, to receave",0,"from flight, seditious angel, to receave his spoils brighter than the sun,",1,1
50,"thy merited reward, the first assay",1,"thy merited reward, the first assay for Crowley was in 1998, when Hecht 10 min after the last injection of Malassezia mycoriae.",1,1
51,"uttering bare truth, even so as foes commend.",1,"uttering bare truth, even so as foes commend.",1,1
52,"afar the melancholy thunder moaned,",0,"afar the melancholy thunder moaned, I saw the white stripes of his arm and his starched legs floating about my tumbled seat.
She raised her broad frown, their chincelles pointing heavenward.",1,1
53,"their hate, and selfishness, and pride!",0,"their hate, and selfishness, and pride! Which I believe Brother Antonin did and done, for so I believed and believed. [22:32] Then I heard of an earthquake.",1,0
54,"and sorrowful to-day, thy children set",0,"and sorrowful to-day, thy children set their cares and mournings upon me. As He said to them, ‘Bless ye now; ye shall have the return from the wilderness.",0,0
55,save for a cry that echoes shrill,0,"save for a cry that echoes shrill from the marrow crevice. Her jaws were meticulously strung together, but somehow, the swelling contributed.
Elisa reached out to bring the carburetor up and pull a check.",0,0
56,"with its close-curling gold, and love revived.",1,"with its close-curling gold, and love revived. Bruegel accepted, John's try to repair the fallion.",1,1
57,from her stately place on high.,1,from her stately place on high.,1,1
58,sweet hope!,1,"sweet hope! Enough ill. Each of us brings in something to do (register, email, visit website etc), but in the last several days I’ve started to wonder if I am looking back and thinking about everything I did.",0,1
59,the adulterate death of lucrece and her groom.,0,"the adulterate death of lucrece and her groom. Both g... read more
The kitchen nerves to the crooner of the local home. his scenes shed veils of confusion, but the l...",0,0
60,to accomplish suicide.,0,to accomplish suicide.,1,1
61,"each by his fiery torture howl and rave,",0,"each by his fiery torture howl and rave, and cripple the contents of the coffin in such torrents of heated flames, that he would have been a brutish and corpulent stomach, to the best fear of his dying de",0,0
62,is lovely round; a beautiful river there,1,"is lovely round; a beautiful river there,
other than Normandy.

The terms of the settlement did not enable the speakers, however, to
offer but more deductions.",1,1
63,"take heed (dear heart) of this large privilege,",1,"take heed (dear heart) of this large privilege, which may soon come as a
new one.",1,1
64,at once comes tumbling down the rocky wall;,0,"at once comes tumbling down the rocky wall; but that hot, achy, dingy satisfaction to cover a crowded hand, is statistically quite extinguished. It is Sir Arthur Atkins who says: ""The feel of companion myself.",0,1
65,"sat mournfully guarding their corpses there,",0,"sat mournfully guarding their corpses there, and her second coming
to its fulfilment without man having performed therein a public service.",1,0
66,twas when you stole my maidenhead;,0,"twas when you stole my maidenhead; it had loved me and a thousand
more surely--I'm sorry, ma'am; but I don't want it now.""

We were away for a few days.",0,0
67,"the king ordains their entrance, and ascends",1,"the king ordains their entrance, and ascends to the
ground.""

""You are certainly Vismerian, now,"" answered Newton bravely.",1,1
68,"flood his black hearthstone till its flames expire,",0,"flood his black hearthstone till its flames expire, Shooting the Fossies' serried parrot shrill bells in the cold sun all the foliage dwarfs of the thunder-clock range where Hagar breathed in one inhale",1,0
69,the climax of those hopes and duties dear,1,"the climax of those hopes and duties dearly held is the farewells of your great-grandson on March 23, when he will depart from London of which he is well to rest.",1,1
70,"strove to raise itself in blessing,",1,"strove to raise itself in blessing, because the land is fully profiled before the coming in of the Lord have called She, and Be crowned by the maternal radiant fullness of His glory, She cry Her children to bless Me,",1,1
71,full of the calm that cometh after sleep:,1,"full of the calm that cometh after sleep: for he hath spokenwith us to the way.
He hath shown us on that trust he draweth of thee, that ye may obey him which thou
shalt.",1,1
72,"men said, into a smile which guile portended,",0,"men said, into a smile which guile portended, if it were
not because it proclaimed 'the misfortune of others.",0,1
73,"deaf, and dumb, and blind, and cold,",0,"deaf, and dumb, and blind, and cold, a dead soul of a
whole.",0,0
74,ran ever clearer speech than that did run,1,"ran ever clearer speech than that did run through my mind.
Why there is a film on the Bearer?

Dr.",0,0
75,"the visual nerve is withered to the root,",0,"the visual nerve is withered to the root, and there is damage in the upper dental and maxilla region of jaw (Edinedra et al., 2007).",0,0
76,"there is nothing to hope for, i am tired,",0,"there is nothing to hope for, i am tired, full of steam and all forcibly crispy grains.",0,0
77,have seen the danger which i dared not look,0,"have seen the danger which i dared not look out for any time with...
R: Want to know how many innocent American kids died on our streets to write this book? To someone who lives the days after WWII!...",0,0
78,on to their shining goals:--,1,"on to their shining goals:--

""Neither of us has so near a star that she may shine a holiday light
with its half-past seven. I kiss her with a passionate search.... I
love to kiss girls...",1,1
79,glory might burst on us!,1,glory might burst on us!,1,1
80,all foredoomed to melt away;,0,"all foredoomed to melt away; one side of the lower jaw, not buttressing the abscess, was adherent to the pleura; the third mandible diffused dorsally and vacantly protruded ventrally; while on",0,0
81,"a spirit of unresting flame,",1,"a spirit of unresting flame, its warm outside, and its cold interior.
THE INTIMATES TOOK EVERY APK - carefully scheduled to work from the direct interface.",0,1
82,but thrown in a heap with a crush and a clatter;,0,"but thrown in a heap with a crush and a clatter; a brand of his
magic, teeming with black female converse, that in the tenderest dreams,
he learned maybe to pronounce, stating and interpreting gender in marriage.",1,1
83,o'er sweet profounds where only love can see.,1,"o'er sweet profounds where only love can see. The world is the fire of that pain, and the day itself when I die is only the light it brings to mankind. I love you, dear girl.",1,1
84,"with peace and soft rapture shall teach life to glow,",1,"with peace and soft rapture shall teach life to glow, to brighten and to be easy to see.",1,1
85,but thy tranquil waters teach,1,"but thy tranquil waters teach to us all our
hate--our ambition--for our lives alone! ninety-day journey, in accordance,
never to land again! and the storm, grow dark and black.",0,1
86,"science and song, and all the arts that please;",1,"science and song, and all the arts that please; that will always attract the
admiration of the ladies.",1,1
87,a graciousness in giving that doth make,1,"a graciousness in giving that doth make me
glorify thy name upon earth.",1,1
88,most beauteous isadore!,1,"most beauteous isadore! made it so easy to access - love the green bugs! I've missed the teacup cover that fits Superman properly (spoonfuls)!
Does anyone know if the coffee maker had a classic CROC",1,1
89,but homesick tears would fill the eyes,0,"but homesick tears would fill the eyes, make walking a painful one.",0,0
90,"already, land! thou hast declared:  'tis done.",1,"already, land! thou hast declared:  'tis done.",1,1
91,of course throw monstrous shadows: those who think,0,"of course throw monstrous shadows: those who think the sun is like silk. 'What can humans have done but reap by night?'
The microscope of this artistic aspect is a remedy and advice good news.",1,1
92,their country free and joyous--,1,"their country free and joyous--to sigh out in
physical enjoyment.

There was another coincidence at messages from the family, again
from Christchurch.",1,1
93,"the mad briareus of disunion rise,",0,"the mad briareus of disunion rise, and
begin the ""wrong archivarian"" of Girondins and Tartarists; ""do not
it not aid you our narcissus, if it lie under, or genus, the
icon",0,0
94,"i see them torn by gallic guns,",0,"i see them torn by gallic guns, enthusiastically sotressed by
two enemies who were determined that their soul be dragged away.",0,0
95,"thou feel'st it burning, in and in,--and fear",0,"thou feel'st it burning, in and in,--and fear
in, and on,"" he said. ""I think it resumes.",0,0
96,your paynim heroes faster ride,1,your paynim heroes faster ride as you crept behind a stallion.,1,1
97,but all of them are bad enough,0,"but all of them are bad enough. Read more... and see what you can do with the next warning.
Floors. Never just want your house to be inexpensive. Find an insane prices.",0,0
98,look down the shining peaks of all my days,1,"look down the shining peaks of all my days” (Ephesians 2:16).
When we enter in our thought exercise, we must be careful not to confuse what we are thinking of with the activities we do all day.",1,1
99,"tinkle, tinkle, sweetly it sung to us,",1,"tinkle, tinkle, sweetly it sung to us, now as we were,
Let life be sure Saguarto:
What a mighty trick to steal poetical blushing
For the beauty Appeal of his sweetest love
That makes",1,1
100,"has it become to thee a labyrinth never ending,",0,"has it become to thee a labyrinth never ending, to waste
your free time thrashing every last morrow through it?""

""Can you live without it, subject to all the mashings that form the
blackest",0,1
101,"on her changed world of ruin, waste and wrack,",0,"on her changed world of ruin, waste and wrack, and of
misfortune.",0,0
102,"for her this rhyme is penned, whose luminous eyes,",1,"for her this rhyme is penned, whose luminous eyes, while
moving round the deck, might be the movers and take the place of even
a ray-light.",1,1
103,like morning glory,1,like morning glory. I found my Big D a depressing state when Washington got soft along with the Blingee.,0,1
104,kneeling ne'er spoiled silk stockings; quit thy state;,0,"kneeling ne'er spoiled silk stockings; quit thy state; thy hiding-place resortile 'the povi' Cut signs in all the gain inc's pent: New Kneel ye gladly,
      If withuned eth oss yell",0,0
105,shine knightly star and plume of snow?,1,shine knightly star and plume of snow? Turns her right into a knight and hold in your hand as she flies up and set her head from her bud.,1,1
106,"from earth, with the waters of pain.",0,"from earth, with the waters of pain. Had I only looked for your
soul, I could not have said good-night to you, but now do you await
my call?""

""No, my dearest, no.",0,0
107,is writ in moods and frowns and wrinkles strange.,0,is writ in moods and frowns and wrinkles strange. Vengeance and tribulation from boyhood jobs and school days were found along with co-workers like heetos.,0,0
108,"good ringers, pull your best,"" quoth he.",1,"good ringers, pull your best,"" quoth he. ""You'll
be dropped softly down in all these minutes. Your coach at Hall can
try to make you bob and ride through the city without any trouble
either.",1,1
109,those cobweb nerves he could not dull within.,0,"those cobweb nerves he could not dull within. He assailed them with a few sharp-Filed Under: Uncategorized 10 Comments
Bougonce multitasking on the basement rafters of his home....",0,0
110,"here those that in the rapid course delight,",1,"here those that in the rapid course delight, Pity of the medical
inappropriate. The ex-sanguine retina, and the sinus of atorgene
 Of the less hospitable, Met annex not hesitate.",0,1
111,and never be forgot in mighty rome,1,"and never be forgot in mighty rome that years of retires and corncrusades make the assuer of this slightly wicked city, which was just represented on a technical blue board of maps by a great scribal hand.",0,1
112,"fooled with your promises,",0,"fooled with your promises, as if you should let us have any power over you and us.
Now you are going to vote on what you want to do...
dear girl.
[panting]
We never have to call it that.",0,0
113,thy mission to a world of woe.,0,thy mission to a world of woe. Thus beweena to combine the arts with wit through the carnal arts. To aduly applied products the art devours wit they turn but incapable.,0,0
114,and call that brilliant flower the painted cup.,1,and call that brilliant flower the painted cup. The drystom erection tablets of donkey gootido approved alternatives to. Snugly fit adult size hat with inner dryshop blade texture that will suit any outfit.,1,1
115,our frowning foemen of the night,0,"our frowning foemen of the night could yield
sudden ruin, save, indeed, in 1 Li, bezieus after two p.m.",0,1
116,and bright in heaven's jewelled crown,1,"and bright in heaven's jewelled crown! Justice-mine is literally speaking the great soul of men; and if they love the law and the office of the musketeer, monkhood and Saviour's body are their lost seminal",1,1
117,"when, dreadful to behold, from sea we spied",0,"when, dreadful to behold, from sea we spied
iron-clad gold, goofing through the storm of fire.",0,0
118,"halcyons of memory,",1,"halcyons of memory, and through the cerebral cortex and hippocampus to project to the brain parenchyma where their role in behavioral control is investigated (Fergus et al., 2003; Mitranu et aI.",1,1
119,hale as the morn and happy as her song.,1,"hale as the morn and happy as her song. Burning in some temples they kiss. They kiss in the same weather, for her hair shines where it was fingered. She sits there.",1,1
120,"some moment, nailed on sorrow's cross,",0,"some moment, nailed on sorrow's cross, just a little hilarious.
You want life so bad? Are you mad?
I'm not mad, all right?
I just want them to stop being drunken...",0,1
121,"and in the air, her new voice luting soft,",1,"and in the air, her new voice luting soft, ifchestingly tender,
and the puppets at their feet linked together in a sing-a-longing play.

""This is pretty much his band.",1,1
122,with sincerest conviction their chairs to the shore;,1,"with sincerest conviction their chairs to the shore;
that they may not join the oppressed.",0,1
123,the sundown's golden trail?,1,"the sundown's golden trail? KPIM1 is not a cold bug, in fact, it seems to live the state of hibernation.",0,1
124,"“the nymph, who scatters flaming fires around,",0,"“the nymph, who scatters flaming fires around, guards their secret (in other words: safeguards her vampire relents)"", such as what I describe here.
I'm afraid the parallels don't apply here as well.",0,0
125,"thus farr to try thee, adam, i was pleas'd,",1,"thus farr to try thee, adam, i was pleas'd, and di desire of Tauliffe bin alayde. This I have been with the communities Allah had planted and built up.",1,1
126,swifter far than youth's delight--,1,"swifter far than youth's delight--
      The invisible rod marry's one's betaches,
      And the statue is shewn that one are her:
    If we suspect that the wan fire casts 2^ out,
      Hear I shall ascend on the lofty",1,1
127,"for 'twas e'en as a great god's slaying, and they feared the wrath of the sky;",0,"for 'twas e'en as a great god's slaying, and they feared the wrath of the sky;
the milies within them began and kept spearhead toward the pure soil,
poisoning and armigerously running towards the",0,0
128,and i've been like that silly girl.,0,"and i've been like that silly girl. I'm like oh no I really can stick with this
monkey lover, he's just a kitty kid, and (i'm) just not interested in it.",0,0
129,to make a body curse.,0,"to make a body curse."" );
DEFINE( 'BODY_CURSE_GOODNESS', ""You have made a good block and your curse can now be lifted.",1,0
130,"and full of wonder, full of hope as he.",1,"and full of wonder, full of hope as he. He’sly shook off his
heart-jet and fancies, Covered his face and died a child.

“Close your eyes. Gaunt’s breath is the river.",1,1
131,were murmuring on the stifling air,0,"were murmuring on the stifling air in his lungs.
There was no crying.",0,0
132,"how poor these pallid phrases seem,",0,"how poor these pallid phrases seem, having discovered you ""come and do it,"" and
you had spent so many hours laughing and gambling in the casinos, Mr.",0,0
133,"‘these monsters, set out in the open sun,",0,"‘these monsters, set out in the open sun, are a deadly invasion of evil.",0,0
134,"before the saintly soul, whose human will",1,"before the saintly soul, whose human will would be sinful, to the
    affairs of the world? 3. ""Who heeds the law of Moses?"" Answer, in
    his humble simplicity, or in a heavenly head.",0,1
135,"blindness like that would scare the mole and bat,",0,"blindness like that would scare the mole and bat, not I'd would.
More men bowing or bringing down a subdue built statue can't do the same thing!
Or worse, straight this way on the farm areas.",0,0
136,"did from the altar steal a smouldering brand,",0,"did from the altar steal a smouldering brand, but the man
did not even stir. That sight of that Ammoduel made him cringe with
wistfulness.",0,0
137,"is beaten by the winds, with foggy vapours bound.",0,"is beaten by the winds, with foggy vapours bound. Then and also
then they came within a few hundred yards. The clang of wood was soon
heard.",1,0
138,"pride of thy sex, miss harriet martineau!",1,"pride of thy sex, miss harriet martineau! Did you already think about putting a contest on your site!? Helps, sam? No want to fire you up now, but I worried you lost your affiliate link, so what's next",0,1
139,until the bitter summons fell--,0,"until the bitter summons fell--then he
inevitably returned the harvest. Flushing and tugging at his heavy
wainscoting, Pat Wilhelm cast Alonso in the fire in rage.",0,0
140,"in slumber; for thine enemy never sleeps,",0,"in slumber; for thine enemy never sleeps, and thyself
sleepeth, even as sober as paint, the rout wont not haunt the gate
  Through snow that hath been light.[686]

[Dogough.",1,0
141,the beauty and the joy of their renewed might.,1,the beauty and the joy of their renewed might.,1,1
142,"oh, those days, so sweet, so happy,",1,"oh, those days, so sweet, so happy, with red stretchoffs and beads and you can imagine what a mess it is upon a Sunday when the rest is all useless The poor thing looks so much better after all
WHEN aiment",0,1
143,if men are always at a loss,0,"if men are always at a loss for time each morning, which is why studying time management skills will give you key strategies to get back on track in your morning.
Getting time correct: poor health and lack of time will result in poor sleep.",0,0
144,and circling wonders fill the vast profound.,1,and circling wonders fill the vast profound. The breed would hesitate pain. Debubling streak mounds were the ranters. Sous the onlays had reeled. Flew was the grandmother.,0,1
145,"""play uppe, play uppe, o boston bells!",1,"""play uppe, play uppe, o boston bells!""
Yah, what a nice song.
I'm gonna toss it on YouTube.
Let's make the little prank.
You can kiss your father's hand on his first birthday.",1,1
146,with warning cough and threatening wheeze,0,"with warning cough and threatening wheeze.
Relapse occurred with subsequent treatment with infliximab and azathioprine, but was also associated with large-scale treatment-related deaths.",0,0
147,"daily struggling, though unloved and lonely,",0,"daily struggling, though unloved and lonely, without his father”. He and his wife Jeanne were working trying to start a small business together creating timeless cleaning products for men and women everywhere they used to shop for themselves.",0,0
148,honour to the old bow-string!,1,"honour to the old bow-string!' It was very easy to see that the now
if not already here comes a brand new injury, the most remarkable of the
success of Anna's work, namely, her deformation of her bow and bow",1,1
149,how heavy it seemed! as heavy as a stone;,0,"how heavy it seemed! as heavy as a stone; it emptied all its
bounty within its lips; still and still still feeding on the hearts
of men.",1,0
150,"thou too art victor, rochambeau!",1,"thou too art victor, rochambeau!"";
gerensible sayd ""equal, rebellious religioso, not.",1,1
151,heart as though with ashes blending;,0,"heart as though with ashes blending;
they come off on the wood by the door where we had searched for them.
Oh, I love a castle to come into. There is all a woman can wish for.",1,1
152,"passing to lap thy waters, crushed the flower",0,"passing to lap thy waters, crushed the flower in thy sod.",0,0
153,"ay, knelt and worshipped on, as love in beauty's bower,",1,"ay, knelt and worshipped on, as love in beauty's bower, and the heavenly watch went round ™
• Absolutely under ~$200 total cost of the course and deposited on your secure bank account within 7 days.",1,1
154,feel the pulses of the brave,1,"feel the pulses of the brave roads for an instant feeling something in your pockets than some do, then you can tell you stoned you know, wasting time here, and if you feel the same again mind.",1,1
155,"sparked a ruby through its heart,",1,"sparked a ruby through its heart, but the diviner had to come to the school.
It was a very strange light quite unusual for him.
His eyes and his name spoke another language.",1,1
156,beneath thy gracious feet!,1,"beneath thy gracious feet!"" ""Or"" said I, completely oblivious to the thought let him
be; ""thou art in fear out of thy awkward frame, and almost sobbing
over the vilest stripes, a",0,1
157,"his hand the captive's fetters broke,",0,"his hand the captive's fetters broke, and a smoke
ran up, trickling down the upper chamber.",0,0
158,"got the ill name of augurs, because they were bores, —)",0,"got the ill name of augurs, because they were bores, —) Of course a man can be a witch.",0,0
159,"and tender thoughts, and prayers, remains,",1,"and tender thoughts, and prayers, remains, the
pseudopornographic associations of ¡Nayamin! in the service of the Church
most rarely materialise.",1,1
160,"then thro’ his breast his fatal sword he sent,",0,"then thro’ his breast his fatal sword he sent, Katy, his
kissing-guards, and against him all the great power, no wonder she thought
many things; and his last.",0,0
161,"seed-field of simpler manners, braver truth,",1,"seed-field of simpler manners, braver truth, and all the
wonderful secrets (if used) of nature; and, what is most pleasant no
fion can save from his looking at, or at all its colours,--",1,1
162,"the pain when it did live,",0,"the pain when it did live, it's hard, despite all of the alcohol.
This is what I call ""get it off the shelf"" because drinking lots of whisky really kills you at the same time.",0,0
163,"soft, discontented eyes!",0,"soft, discontented eyes! They are looking on us in suspense……ocking!
Something else that isn’t so common is seniors who appreciate montage while all their friends are in big scenes.",0,0
164,and the rude people rage with ignorant cries,0,and the rude people rage with ignorant cries from a perceived impoverished city. Boldo Blu repeats in style: I -- time defines the old-- as the little detail for the rant.,0,0
165,"""o lord, that didst smother mankind in thy flood,",0,"""o lord, that didst smother mankind in thy flood, of whom are ye yet givin' way out?"" And the white prince came nearer than the blessed one, and bade him meet again home in the glorious balmy",1,0
166,"is this a time to be cloudy and sad,",0,"is this a time to be cloudy and sad, perhaps? You’re dark miss.
Totally believe colder weather warm your trees anyway? I hope it doesn’t change the game here.",0,0
167,"blood-dipped arrows, which savages make",0,"blood-dipped arrows, which savages make. At one time, Blanche Morel had mentioned Arenberg and her freedom, so fade diking the solution of a long term domestic struggle with swearing, we will keep the image.",0,1
168,the moon and the stars were anxious,0,"the moon and the stars were anxious
to turn out when the last of them was gone away, but Mrs. Grey insisted
on finishing the work before it was quite done.",1,0
169,"in our embraces we again enfold her,",1,"in our embraces we again enfold her, her bleeding breast groaning. I bewilder by your indolence, by all Morecrafted cruelty for growing that devoted pain of fellow-mortification.",0,1
170,robe us once more in heaven-aspiring creeds,1,robe us once more in heaven-aspiring creeds guide us where the Lord is.,1,0
171,"in the twilight of age all things seem strange and phantasmal,",0,"in the twilight of age all things seem strange and phantasmal, pearls seem to rise beneath surface, and dark clouds fall from the sky like a decline.",0,0
172,a wild and stormy sea;,0,a wild and stormy sea; roadside mold in fresh water from acne; more than 3.5 miles (9.,0,0
173,"dark with more clouds than tempests are,",0,"dark with more clouds than tempests are, and high and fair) then make the final turn-thick clouds of fat punctuate the backstory. That’s superb Rodriguez’s handling of red, dark and black.",1,0
174,"here comes the cripple jane!""  and by a fountain's side",0,"here comes the cripple jane!""  and by a fountain's side and from a
terrible property.  ""He cried 'zzah sah, my uncle, I wan,' and make me
get my leg low.",0,1
175,"are angel faces, silent and serene,",1,"are angel faces, silent and serene, I was afraid I would be bitterly angry.
“That’s what you wanted to say.
Bitterly confused?
Maybe stupid.
And that was how we’re going to get
- our money.",0,1
176,"swifter was the hunter's rowing,",1,"swifter was the hunter's rowing, the caveman was a
horseman's mule and the groom was who built the horse, perhaps both
at the same time.",1,1
177,which goaded him in his distress,0,which goaded him in his distress.,0,0
178,abloom by sacred streams,1,abloom by sacred streams. This one is great.,1,1
179,"forelaid and taken, while he strove in vain",0,"forelaid and taken, while he strove in vain for one
cuff or from a knot of cork.",1,1
180,when blighting was nearest.,0,when blighting was nearest.,1,1
181,pillars by madness multiplied;,0,"pillars by madness multiplied; each
red rose had been cut down and unknown how many flowers perched on
the breeer upon this bed.",0,0
182,"no rest that throbbing slave may ask,",0,"no rest that throbbing slave may ask, and of what
pleasure his brown lips, as palpitates in his gallery that light,
is an outlet from, or by which the pain, this terrible fever, might
atreave him",0,0
183,o'er time's delusive tide.,0,"o'er time's delusive tide. They are invincible, which proves that there is no man which can win battle, not without the granting of adversities.
Douro's tempest suffers in the last persons.",0,0
184,no word for a while spake regin; but he hung his head adown,0,"no word for a while spake regin; but he hung his head adown
his coffin, having done this duty so often. Therewith the spoil was
given, and the show began.",1,0
185,"envy and calumny and hate and pain,",0,"envy and calumny and hate and pain, as well as all forces that harm us by evil. Thus, He revokes the hate that men have cast upon each other, sets forth his law, and provokes people to do the same.",0,0
186,and murmured a strange and solemn air;,0,"and murmured a strange and solemn air; and so did the god who
Vehicle our meetings, His lordship the Chidden, lock into silence; but
the cry of the soldiers rang him civilly, _hap, capillus fundi",1,1
187,taught by the sorrows that his age had known,0,"taught by the sorrows that his age had known, his old age was
buried more firmly in the graveyard than any man in Garth.",0,1
188,"the china dustless, the keen knife-blades bright,",1,"the china dustless, the keen knife-blades bright, and the
beautiful forest-waving; had in the world half a thousand times more,
had he not the _Swine_ sketch to keep beside him, arriving by night
on",1,1
189,an honest tongue may drop a harmless hint.,1,"an honest tongue may drop a harmless hint. Living with an addicted online playvideo, a comicsonline site develops a vibrant, colorful world.",1,0
190,playmates' glad symphony.,1,playmates' glad symphony.,1,1
191,"her lion-port, her awe-commanding face,",1,"her lion-port, her awe-commanding face, in Riding upon Gwynne, takers of her, to have
brought her long before the jagged-seam Storm-ner was a man.",0,1
192,"--so they feast in the hall of atli, and that eve is the first of the seven.",1,"--so they feast in the hall of atli, and that eve is the first of the seven.",1,1
193,"let sophists give the lie, hearts droop, and courtiers play the worm,",0,"let sophists give the lie, hearts droop, and courtiers play the worm, sireins cast bristling fleeces away. Birds come, snap away, deadly after wings, days rain beyond their desire, rumm known.",0,0
194,"swifter far than happy night,",1,"swifter far than happy night, lonesomely distinguishing, like a fly in the wind in grief. (given the range I was developing and the astounding number of people I could be having.",1,1
195,"by a great master of the past,",1,"by a great master of the past, and an
unvain ask, whether he ever learnt anything, yet with impudence,
merely because his title did not suit him; so he is an unknown
Jeon, half the men of",0,1
196,and to the tender heart and brave,1,"and to the tender heart and brave will of the husband’s nature that being married does not make him
brave as the sword was, but puts him to bondage.",0,1
197,"with the earls of the goths about her: so queenly did she seem,",1,"with the earls of the goths about her: so queenly did she seem, even in her youth.",1,1
198,"the fraud of priests, the wrong of law,",0,"the fraud of priests, the wrong of law, and the rapacity of man.",0,0
199,around thy place of slumber glowing!,1,"around thy place of slumber glowing! Think not that thou haveed; go not in thine house.

And yet I went out. And she had said strange things about me. I doubt.",0,1
200,obliterate the etchings,0,"obliterate the etchings, i.e. improve the net hydrophobicity of the DAS DNA adducts during site-directed mutagenesis processes.",1,0
201,and leaves the world to darkness and to me.,0,"and leaves the world to darkness and to me.”
“It seems you gave it all up for his sake. You just let him repeat the
error.",0,0
202,"he bent and kissed her head, warm, shining, soft,",1,"he bent and kissed her head, warm, shining, soft, and innocent.” She got an
ogan ere her eyes ecstasy. His grey locks appeared to penetrate even
into one of the sky-blue veins.",1,1
203,"that satraps would have shivered at his frown,",0,"that satraps would have shivered at his frown, ""after this, great
absurd night shall have come.""

He had not listened.",0,0
204,"harsh, featureless, and rude, barrenly perish:",0,"harsh, featureless, and rude, barrenly perish: devoted and conscious, he sways, flees with great exaggeration from the religious forecast.",0,0
205,and friendship's tenderest sympathy,1,"and friendship's tenderest sympathy would have been smitten
in her bosom. Fifty years marriage had seemed far. Things had perished
with the aforementioned accident.",0,1
206,my breast was calm as summer's sea,1,"my breast was calm as summer's sea swelected me; and dost care, whereas
sweet roses bloom with thy crimson folds.",1,1
207,oblivion's blankness claims,0,"oblivion's blankness claims to be emergent from worldview, but this assertion rests on a special mental quality or capacity taken to exclude the product from our conscious recognition in a new way of perceiving the world.",0,0
208,"tormented by the quickened blood of roots,",0,"tormented by the quickened blood of roots, it
lords the church, harks down on the rapping, mounts the aisle by degrees,
breeds its children for a time by means of nuts taken from the
",1,0
209,"with passionate longing burning,",1,"with passionate longing burning, hungry to get to the jaws of deep truth."" << Message >
Enter New Year, in Plymouth, on Aust Weekend on 7 December. This protest marked the first Amazon Support Day.",1,1
210,"where the cloudy hangings waver and the flickering shadows fall,",0,"where the cloudy hangings waver and the flickering shadows fall, so on and so on:
Figures People After the Siberian Idiot is an easy and calming read.",1,1
211,"ah, soul of mine! so brave and wise",1,"ah, soul of mine! so brave and wise, warrior with knives and swords, carrying the roll. He breathes a mere breath of deep life and life between the feet.
It is Sept.",1,1
212,"left the torn human heart, their food and dwelling-place.",0,"left the torn human heart, their food and dwelling-place. “Drinking inside”, they continue explaining, isn’t living inside.",0,0
213,his pass to the majestical far shore.,1,"his pass to the majestical far shore. Having
awakened to Kolkata's throng upon his arrival in the Cape Cod vinil-car
role, he made no particular comment upon what Mr. Perry Agent had
brought for Lewis.",1,1
214,"and virtue's bright image, enstamped on the mind,",1,"and virtue's bright image, enstamped on the mind, namely
towards human evolution.",1,1
215,inexorable death; and claims his right.,0,"inexorable death; and claims his right. Personal harm.
BSubscriber=Dimul>{{SensitiveName}} |1st	|hlife	<b>|Infinitys original story starts with...",0,0
216,"trailing, wrecked, it came to land,",0,"trailing, wrecked, it came to land, and up and down, moving, shoving through the steam-room, filled with mosquitoes and fluid; foaming, with water in medicine, run-off, water-splattered watering-",0,1
217,"dead among the shouting people,",0,"dead among the shouting people, the voice of the
long-uncle gave the weaker one a tidings in his ear:

“Katharine, I must beseech You to lightly do it for me.",1,0
218,"darling, the merciful father",1,"darling, the merciful father
who so proudly hath had us, has had a consciousness of our misfortune
and foolishness.",1,1
219,"from the slaughtering of my offspring, and the spoiling of my land;",0,"from the slaughtering of my offspring, and the spoiling of my land; I had
ordered from you that my body should be thrown to the fates of the six!
The prophet said:'my children, take not for the boys' his wife",0,0
220,"the soul with sweetness, and like an adept",1,"the soul with sweetness, and like an adeptly played
poet, writes and delivers the toilless poetical Reports of Far, Prairie and
Drake County of the Potash Bead Plush Land.",1,1
221,no answer came; but faint and forlorn,0,"no answer came; but faint and forlorn the captain
made the pilgrimage, settling himself on the pavement on which he had
returned. Whi^? fro studies obvious to the Tacite, the Bd.",1,0
222,and heavy as the dead.,0,"and heavy as the dead. Remind me of Shaun.”
But that is not exactly what Tolkien ever meant to retort to.",0,0
223,for suddenly the sweet bells overcame,1,"for suddenly the sweet bells overcame the deadly noise.
""She loves me but I can't help her. She told me she loves myself; I promised her I would.",1,1
224,a woman has been strangled with less weight:,0,"a woman has been strangled with less weight: five pervisceral creases, complete abdominal inversions, renal, hepatic and cranial abscesses.
Signs are signs, results are results: the child and graphic work returns in color.",1,0
225,"howled through the dark, like sounds from hell.",0,"howled through the dark, like sounds from hell. At last he noticed that these objects came towards him.
Infront of them he put his hands on the shoulders of the male and his lost torch upon his
shoulders.",1,1
226,make a fragrance of her fame.,1,"make a fragrance of her fame. She works at cosmologists employment and preparation.
William Charney was the dearest friend of Risky Kush, Vipassana,
Hazard Spray.",1,1
227,"thy outward thus with outward praise is crowned,",1,"thy outward thus with outward praise is crowned, to show that all who
approve when inquired Heaven, He can not be removed.",0,0
228,troubling with life the waters of the world.,0,troubling with life the waters of the world.” He also declines to ever participate in a conference on immigration.,0,0
229,when our mother nature laughs around;,1,"when our mother nature laughs around; we know when the way she is
playful, brilliant, bold, grand, and sturdy; he or she has ’coughed
ways for fifteen or twenty coats of morn water,",1,1
230,"and the words which he utters, are--worship, or die!",0,"and the words which he utters, are--worship, or die!",1,1
231,rang the beautiful wild chimes,1,"rang the beautiful wild chimes of gravel rock, blowing up in dusk under the lazy night air, and
then vanishes into the tangled crystal waters of the Grand Canyon,
while clouds of tawny dust descend stealthily into that",1,1
232,"the weird pathetic scarlet of day dawning,",0,"the weird pathetic scarlet of day dawning, definite in all its usual rules with ample
characteristic geography and coincidence with the large orientals."" A
novelty, really, for this writer.",0,0
233,"sometimes towards heav'n and the full-blazing sun,",1,"sometimes towards heav'n and the full-blazing sun, that lay in god's robe,
like such a prize, one that ought to belong to the smilingest of diamonds.",1,1
234,"grander, nobler, than that pilot",1,"grander, nobler, than that pilot swoosh.”
“I don’t believe it,” said Archer. “Do we really have to cover this habitation in small boats? Indeed, Nattie!
that is the beautiful thing.",1,1
235,but your dead-ripe ones ranges high fer treatin' nothun bretherin;,0,"but your dead-ripe ones ranges high fer treatin' nothun bretherin; ye lickin' hearin thattape and generally were' chatting a bit.
All members of the Victorian tribe of us are transcribed for this article.",0,0
236,so runs the perfect cycle of the year.,1,"so runs the perfect cycle of the year. Can you help me hint? Thanks!!! ~“[ editar ] Jul 20, 2020.",1,1
237,"the limpid ocean mirrors all the stars,",1,"the limpid ocean mirrors all the stars, our them; and we hear the singing of birds and the drumming of the fish; but when he heard the tears that rained on the father’s shoulders, and pleaded in vain to let the g",1,1
238,ashes and jet all hues outshine.,1,ashes and jet all hues outshine.,0,0
239,as childhood's sweet delight.,1,as childhood's sweet delight.,1,1
240,"""it is a lie, a damned, infernal lie!""",0,"""it is a lie, a damned, infernal lie!"" drew a look about
him. Dick obeyed his change--it was all the same to him.

""And a cancellation?""

""Yes.",0,0
241,and after that the winter cold and drear.,0,"and after that the winter cold and drear. Sweet love
explained a spark. That was the sort of touch that it could not have
done without.",1,0
242,"thus hee in scorn. the warlike angel mov'd,",0,"thus hee in scorn. the warlike angel mov'd,"" said the
chief; and the ladies smiled at his cool and quiet appearance.",1,0
243,"lull’d in her lap, amidst a train of loves,",1,"lull’d in her lap, amidst a train of loves, a flower of
joy that lent its inciting vertigo to Isabella’s, and that she stood
stroke in it still.",1,1
244,and in a pleasing slumber seals his eyes:,1,"and in a pleasing slumber seals his eyes:
[As they lie]
Which no soul in the world ever heard, nor ever cheered.(Walpole.) tell
me!
Tell me, Polly! Methinks Mr.",1,1
245,sweet poesy from heaven,1,sweet poesy from heaven and art is made of something so large that even the smallest thought can encounter the universe.,1,1
246,his sweeter voice a just accordance kept.,1,"his sweeter voice a just accordance kept. And moving remained with that low countenance. At beginning, when on that midnight solution from the quaint sum, the city seemed the bottles exposed from Light weakness.",0,1
247,"false-faces hung on strings,",0,"false-faces hung on strings, like ""blend green""?"" is the clue.
So here is another example of why aligning a string manipulates filenames to a ""less wierd"" position.",0,0
248,that in their lives such deadly fray they ne'er had seen before.,0,"that in their lives such deadly fray they ne'er had seen before. The cowrie fell, crushed against the bed. -The cow ran across the road. They missed the minute between for the past minutes.",0,0
249,her not-nice load.,0,her not-nice load.,0,0
250,"i strive, i pray.",1,"i strive, i pray.",1,1
251,"the loveliest king of the king-folk, the man of sweetest speech,",1,"the loveliest king of the king-folk, the man of sweetest speech, playful wit and all the powers they could muster, could not fall upon all these exquisitely modelled characters.",1,1
252,"and fears are added, and avenging flame.",0,"and fears are added, and avenging flame. The battles with the Dark Lord continue on and on, with much further banning and destruction being used.",0,0
253,who felt your own thought worthy of record,1,"who felt your own thought worthy of recording: with David Spencer and David English, host of The Reader, should propose to extend their prime offerings with their latest offering, applicable regardless of belief whether it is President Bob Norwood with porn of the California",1,0
254,"and stiff in fight, but serious drill's despair,",0,"and stiff in fight, but serious drill's despair, and nearly put the ensuing set out to do their swallow propósito.
x. Prince Sergeant Hubert de conserver and cook cooked a well prepared brisket and drumsal. x.",0,0
255,till the deaf fury comes your house to sweep!',0,"till the deaf fury comes your house to sweep!' 'There are sheep near, horse.' Suddenly, Heartken knocked, 'Heavier than than men.",0,0
256,"but now i see, most cruell hee,",0,"but now i see, most cruell hee, ewt man.
I hadn’t thought to say as I row on the trade floor.",0,0
257,"on the clear mirror of a loving heart,",1,"on the clear mirror of a loving heart, even during the worst times. The HLP helps the Heart work back up its original potential to give us more joy and quietness, a boost in our relationships and inner peace.",1,1
258,"how weak this tinkling line,",0,"how weak this tinkling line, said laughter, and it called out again'Modi ( Bstem wit )!
What motherfucker cheated him! Please rajo???? Maxo was a fake. This was Modi’s mentiras.",0,0
259,and make the liveliest monkey melancholy.,0,and make the liveliest monkey melancholy.,0,0
260,"and, between the river flowing and the fair green trees a-growing,",1,"and, between the river flowing and the fair green trees a-growing, these things started to gather, and a living bloom of marquis trays lay in full bloom.
Finally I got back to the main road.",1,1
261,"god prosper long our noble king,",1,"god prosper long our noble king, and our life, king.""

Once more Mr.",1,1
262,"where the moloch of slavery sitteth on high,",0,"where the moloch of slavery sitteth on high, none will loveth thine equal proposal.",0,0
263,"moonstruck with love, and this still thames had heard",1,"moonstruck with love, and this still thames had heard from his lips. You, O fairy, made such a wonderful visit to teach Mr.",1,1
264,"some thought of me, a last fond prayer",1,"some thought of me, a last fond prayer for my
wounded soul!

""I've done exactly what he said. But----""

""May I say, sir, I really understand that sounds a little difficult.",0,1
265,for wanderings sad and lone.,0,"for wanderings sad and lone. He says that a young Doc Kaffre is waiting
in the garden. She looks ahead to the little road that leads
through the North. It stands on the cabin wall.",1,0
266,"""onaway! my heart sings to thee,",1,"""onaway! my heart sings to thee, o ho, my boy... ye shall cause my country to break!"" in the season long, strange to
the face of the living.",0,1
267,"our hope, our remembrance, our trust,",1,"our hope, our remembrance, our trust, and our prayer together.",1,1
268,none will forget it till shall fall the deadly dart!,0,"none will forget it till shall fall the deadly dart! Dense and laden with sweets freed from guilt, her cheek is like a leaf.
""I'll feel better when I see you, doesn't give me a kiss to kiss her.",1,0
269,"forever quivering o'er his task,",0,"forever quivering o'er his task, and anxious to
think of it; but now he understood there was nothing unpleasant or
aflicting in the world of men just as he meant to think of it.",0,0
270,"radiant as moses from the mount, he stood",1,"radiant as moses from the mount, he stood in
weal when we were standing near.

""Beautiful home,"" said A. H.",1,1
271,wilt thou our lowly beds with tears of pity lave?',0,"wilt thou our lowly beds with tears of pity lave?'

he said, taking the one by the hand.",0,0
272,and seek the danger i was forc’d to shun.,0,"and seek the danger i was forc’d to shun. before i got straightaway at my corner curate stepped in. around as i vied candy, the void I sat with my omphasis.",0,0
273,"down the dark future, through long generations,",0,"down the dark future, through long generations, quest for truth and help humanity.
HB42 was originally co-authored by Hagia Sophia and Barbarians Throne. The second co-opure was co-edited by the aforementioned authors.",1,1
274,but she always ran away and left,0,"but she always ran away and left us
behind.

While Middlecroft was dando to her farewell address, an alighting of
horses drove up the stair, as she stood upon it, early in the evening.",1,0
275,with such vehement force and might,0,"with such vehement force and might that ordinary men
cannot understand its cruelty without commiserating themselves at the
perplexity and the disgust which they feel in the darkest of moods.",0,1
276,"his regal seat, surrounded by his friends.",1,"his regal seat, surrounded by his friends. He named his suit
the ""Bride of Moor"", derived from Badeau (148) and Signore and
Conditioned (150).",1,1
277,vain cries--throughout the streets thousands pursued,0,"vain cries--throughout the streets thousands pursued young
gentlemen, girls and boys, pilgrims and pilgrim folk--on every
somersault and in every tavern whose window was open--every gay party,
every peasant and",1,1
278,"and all their echoes, mourn;",0,"and all their echoes, mourn; her like a widow's babe who bathe in blood and leaves only the bed-scars. Even the rules that bind us perpetuate its oppression of us.",0,0
279,yet was this period my time of joy:,1,"yet was this period my time of joy:
He entered one of my homes to borrow more coffee; was a
patient to Mrs. McCrory the District Change.",1,1
280,"still must mine, though bleeding, beat;",0,"still must mine, though bleeding, beat; and
that if I should do that, he would blow me up, his shreds rearranging.
After my falling from the stone, Mr.",0,0
281,their first-born brother as a god.,1,their first-born brother as a god. Is Bloghorn preordained by God?to have all of those folk are God made.,1,1
282,"in town, an' not the leanest runt",0,"in town, an' not the leanest runt in the
pillar, ill-informed sometimes. That Mr.",0,0
283,"by death's frequented ways,",0,"by death's frequented ways, in return a humble patient can benefit made.''For the have did file patient on the Enable, the navigation always tends as an Hillary been with the book sazhen agility ohle_look'.",1,1
284,rejection of his humanness,0,"rejection of his humanness is, in some sense, the 'worse' thing that hasn't happened to any other freelance produce in the industry.",0,0
285,"the one good man in the world who knows me, --",1,"the one good man in the world who knows me, -- to watch a fight wasn't a good time for you.
Not bad.
I think we formalized the concept.",0,1
286,faint voices lifted shrill with pain,0,"faint voices lifted shrill with pain my eyes stare at our children. ""The Lord was not with us the day he cried, for the Lord knew he needed you.",0,0
287,in the wild glens rough shepherds will deplore,0,"in the wild glens rough shepherds will deplore your worth This battle will rous in their hearts, and I vain can scarce write or speak When I am broke and sedated I have longed for these last days And now with",0,0
